alba_name,sub_code,0,1,2,3,4,5,6,7,8,9,10,11,12,13,14,15,16,17,18,19,20,21,22,23,24,25,26,27,28
서빙,1121,0.006362299,0.006362299,0.006362299,0.006362299,0.006362299,0.006362299,0.006362299,0.006362299,0.006362299,0.006362299,0.006362299,0.006362299,0.006362299,0.006362299,0.006362299,0.006362299,0.006362299,0.006362299,0.006362299,0.821855635,0.006362299,0.006362299,0.006362299,0.006362299,0.006362299,0.006362299,0.006362299,0.006362299,0.006362299
주방장·조리사,1122,0.006392603,0.006392603,0.006392603,0.006392603,0.006392603,0.006392603,0.006392603,0.006392603,0.006392603,0.006392603,0.006392603,0.006392603,0.006392603,0.006392603,0.006392603,0.006392603,0.006392603,0.006392603,0.006392603,0.006392603,0.006392603,0.006392603,0.006392603,0.006392603,0.006392603,0.006392603,0.821007122,0.006392603,0.006392603
주방보조·설거지,1123,0.007336939,0.007336939,0.007336939,0.007336939,0.007336939,0.007336939,0.007336939,0.007336939,0.007336939,0.007336939,0.007336939,0.007336939,0.007336939,0.007336939,0.007336939,0.007336939,0.007336939,0.007336939,0.007336939,0.007336939,0.007336939,0.007336939,0.007336939,0.007336939,0.007336939,0.007336939,0.794565719,0.007336939,0.007336939
바리스타,1124,0.005163753,0.005163753,0.005163753,0.005163753,0.005163753,0.005163753,0.005163753,0.005163753,0.005163753,0.005163753,0.005163753,0.005163753,0.005163753,0.005163753,0.005163753,0.005163753,0.005163753,0.005163753,0.005163753,0.005163753,0.68698722,0.005163753,0.005163753,0.005163753,0.005163753,0.005163753,0.173591458,0.005163753,0.005163753
제과제빵사,1125,0.005260386,0.298517976,0.005260386,0.005260386,0.005260386,0.005260386,0.005260386,0.005260386,0.005260386,0.005260386,0.005260386,0.005260386,0.235673646,0.005260386,0.005260386,0.005260386,0.005260386,0.005260386,0.005260386,0.005260386,0.005260386,0.329038329,0.005260386,0.005260386,0.005260386,0.005260386,0.005260386,0.005260386,0.005260386
일반음식점,1010,0.004808583,0.004808583,0.004808583,0.004808583,0.004808583,0.004808583,0.004808583,0.004808583,0.004808583,0.004808583,0.004808583,0.004808583,0.004808583,0.004808583,0.004808583,0.004808583,0.004808583,0.004808583,0.004808583,0.004808583,0.004808583,0.004808583,0.004808583,0.004808583,0.004808583,0.004808583,0.865359667,0.004808583,0.004808583
레스토랑,1020,0.00409033,0.00409033,0.00409033,0.00409033,0.156181739,0.00409033,0.00409033,0.00409033,0.00409033,0.00409033,0.00409033,0.00409033,0.00409033,0.00409033,0.00409033,0.00409033,0.00409033,0.00409033,0.00409033,0.00409033,0.575696589,0.00409033,0.00409033,0.00409033,0.00409033,0.00409033,0.16177308,0.00409033,0.00409033
패밀리레스토랑,1030,0.004487331,0.004487331,0.004487331,0.004487331,0.185178376,0.004487331,0.004487331,0.004487331,0.004487331,0.004487331,0.004487331,0.004487331,0.004487331,0.004487331,0.004487331,0.004487331,0.004487331,0.004487331,0.004487331,0.004487331,0.693663673,0.004487331,0.004487331,0.004487331,0.004487331,0.004487331,0.004487331,0.004487331,0.004487331
패스트푸드점,1040,0.004668554,0.004668554,0.004668554,0.004668554,0.403430542,0.004668554,0.004668554,0.004668554,0.004668554,0.004668554,0.004668554,0.004668554,0.004668554,0.004668554,0.004668554,0.004668554,0.004668554,0.004668554,0.004668554,0.004668554,0.004668554,0.004668554,0.004668554,0.004668554,0.004668554,0.004668554,0.470518505,0.004668554,0.004668554
치킨·피자전문점,1050,0.004668554,0.004668554,0.004668554,0.004668554,0.403430542,0.004668554,0.004668554,0.004668554,0.004668554,0.004668554,0.004668554,0.004668554,0.004668554,0.004668554,0.004668554,0.004668554,0.004668554,0.004668554,0.004668554,0.004668554,0.004668554,0.004668554,0.004668554,0.004668554,0.004668554,0.004668554,0.470518505,0.004668554,0.004668554
커피전문점,1060,0.005500377,0.005500377,0.005500377,0.005500377,0.005500377,0.005500377,0.005500377,0.005500377,0.005500377,0.005500377,0.005500377,0.005500377,0.005500377,0.005500377,0.005500377,0.005500377,0.005500377,0.005500377,0.005500377,0.26996796,0.005500377,0.005500377,0.005500377,0.005500377,0.005500377,0.005500377,0.581521867,0.005500377,0.005500377
아이스크림·디저트,1070,0.005500377,0.005500377,0.005500377,0.005500377,0.005500377,0.005500377,0.005500377,0.005500377,0.005500377,0.005500377,0.005500377,0.005500377,0.005500377,0.005500377,0.005500377,0.005500377,0.005500377,0.005500377,0.005500377,0.26996796,0.005500377,0.005500377,0.005500377,0.005500377,0.005500377,0.005500377,0.581521867,0.005500377,0.005500377
베이커리·도넛·떡,1080,0.005260386,0.298517976,0.005260386,0.005260386,0.005260386,0.005260386,0.005260386,0.005260386,0.005260386,0.005260386,0.005260386,0.005260386,0.235673646,0.005260386,0.005260386,0.005260386,0.005260386,0.005260386,0.005260386,0.005260386,0.005260386,0.329038329,0.005260386,0.005260386,0.005260386,0.005260386,0.005260386,0.005260386,0.005260386
호프·일반주점,1090,0.00410201,0.608431528,0.00410201,0.00410201,0.00410201,0.00410201,0.00410201,0.00410201,0.00410201,0.00410201,0.00410201,0.00410201,0.00410201,0.00410201,0.00410201,0.00410201,0.00410201,0.00410201,0.00410201,0.00410201,0.00410201,0.00410201,0.280814213,0.00410201,0.00410201,0.00410201,0.00410201,0.00410201,0.00410201
급식·푸드시스템,1110,0.004832827,0.513777614,0.004832827,0.004832827,0.004832827,0.004832827,0.004832827,0.004832827,0.004832827,0.004832827,0.004832827,0.004832827,0.004832827,0.004832827,0.004832827,0.004832827,0.004832827,0.004832827,0.004832827,0.004832827,0.004832827,0.004832827,0.004832827,0.004832827,0.004832827,0.004832827,0.355736061,0.004832827,0.004832827
도시락·반찬,1120,0.005695065,0.005695065,0.005695065,0.005695065,0.005695065,0.005695065,0.005695065,0.005695065,0.005695065,0.005695065,0.005695065,0.005695065,0.005695065,0.005695065,0.005695065,0.005695065,0.005695065,0.005695065,0.005695065,0.005695065,0.005695065,0.005695065,0.005695065,0.005695065,0.005695065,0.005695065,0.840538173,0.005695065,0.005695065
매장관리·판매,2121,0.005620796,0.005620796,0.005620796,0.005620796,0.005620796,0.005620796,0.005620796,0.005620796,0.005620796,0.005620796,0.005620796,0.005620796,0.005620796,0.005620796,0.005620796,0.005620796,0.005620796,0.005620796,0.842617708,0.005620796,0.005620796,0.005620796,0.005620796,0.005620796,0.005620796,0.005620796,0.005620796,0.005620796,0.005620796
캐셔·카운터,2122,0.006628448,0.006628448,0.006628448,0.006628448,0.006628448,0.006628448,0.006628448,0.006628448,0.006628448,0.006628448,0.006628448,0.006628448,0.814403469,0.006628448,0.006628448,0.006628448,0.006628448,0.006628448,0.006628448,0.006628448,0.006628448,0.006628448,0.006628448,0.006628448,0.006628448,0.006628448,0.006628448,0.006628448,0.006628448
판촉도우미,2123,0.006363432,0.006363432,0.006363432,0.006363432,0.006363432,0.006363432,0.006363432,0.006363432,0.006363432,0.006363432,0.006363432,0.006363432,0.006363432,0.006363432,0.006363432,0.006363432,0.006363432,0.821823898,0.006363432,0.006363432,0.006363432,0.006363432,0.006363432,0.006363432,0.006363432,0.006363432,0.006363432,0.006363432,0.006363432
MD·쇼핑몰운영,2124,0.004950823,0.004950823,0.004950823,0.004950823,0.004950823,0.004950823,0.004950823,0.004950823,0.004950823,0.861376948,0.004950823,0.004950823,0.004950823,0.004950823,0.004950823,0.004950823,0.004950823,0.004950823,0.004950823,0.004950823,0.004950823,0.004950823,0.004950823,0.004950823,0.004950823,0.004950823,0.004950823,0.004950823,0.004950823
백화점·쇼핑몰,2010,0.003979236,0.003979236,0.003979236,0.003979236,0.003979236,0.003979236,0.003979236,0.003979236,0.003979236,0.298832532,0.003979236,0.003979236,0.003979236,0.003979236,0.003979236,0.003979236,0.003979236,0.003979236,0.22770563,0.003979236,0.003979236,0.003979236,0.003979236,0.003979236,0.003979236,0.003979236,0.370001696,0.003979236,0.003979236
유통점·마트,2020,0.00445465,0.00445465,0.00445465,0.00445465,0.00445465,0.00445465,0.00445465,0.00445465,0.00445465,0.00445465,0.00445465,0.00445465,0.20057401,0.00445465,0.00445465,0.00445465,0.492355881,0.00445465,0.00445465,0.00445465,0.00445465,0.00445465,0.00445465,0.00445465,0.00445465,0.00445465,0.00445465,0.191249205,0.00445465
도소매·전통시장,2137,0.00445465,0.00445465,0.00445465,0.00445465,0.00445465,0.00445465,0.00445465,0.00445465,0.00445465,0.00445465,0.00445465,0.00445465,0.20057401,0.00445465,0.00445465,0.00445465,0.492355881,0.00445465,0.00445465,0.00445465,0.00445465,0.00445465,0.00445465,0.00445465,0.00445465,0.00445465,0.00445465,0.191249205,0.00445465
편의점,2030,0.005250864,0.005250864,0.005250864,0.005250864,0.005250864,0.005250864,0.005250864,0.005250864,0.005250864,0.005250864,0.005250864,0.005250864,0.18877614,0.005250864,0.005250864,0.005250864,0.669450544,0.005250864,0.005250864,0.005250864,0.005250864,0.005250864,0.005250864,0.005250864,0.005250864,0.005250864,0.005250864,0.005250864,0.005250864
의류·잡화·쥬얼리매장,2050,0.004897252,0.004897252,0.004897252,0.004897252,0.004897252,0.004897252,0.004897252,0.004897252,0.004897252,0.004897252,0.004897252,0.004897252,0.004897252,0.004897252,0.004897252,0.004897252,0.004897252,0.004897252,0.51468682,0.004897252,0.004897252,0.004897252,0.004897252,0.004897252,0.004897252,0.004897252,0.004897252,0.004897252,0.353087379
뷰티·헬스스토어,2060,0.00472173,0.00472173,0.00472173,0.00472173,0.00472173,0.00472173,0.00472173,0.298303413,0.00472173,0.00472173,0.00472173,0.00472173,0.00472173,0.00472173,0.00472173,0.00472173,0.00472173,0.00472173,0.00472173,0.00472173,0.00472173,0.00472173,0.00472173,0.00472173,0.00472173,0.00472173,0.00472173,0.574209875,0.00472173
휴대폰·전자기기매장,2070,0.005226426,0.005226426,0.005226426,0.005226426,0.005226426,0.005226426,0.005226426,0.005226426,0.005226426,0.005226426,0.005226426,0.005226426,0.005226426,0.005226426,0.005226426,0.005226426,0.005226426,0.005226426,0.005226426,0.005226426,0.005226426,0.853660062,0.005226426,0.005226426,0.005226426,0.005226426,0.005226426,0.005226426,0.005226426
가구·침구·인테리어,2080,0.004744775,0.201029863,0.004744775,0.310505571,0.004744775,0.004744775,0.004744775,0.004744775,0.004744775,0.004744775,0.004744775,0.004744775,0.004744775,0.004744775,0.004744775,0.004744775,0.004744775,0.004744775,0.004744775,0.004744775,0.004744775,0.004744775,0.004744775,0.004744775,0.004744775,0.365100408,0.004744775,0.004744775,0.004744775
생활용품샵,2138,0.004744775,0.201029863,0.004744775,0.310505571,0.004744775,0.004744775,0.004744775,0.004744775,0.004744775,0.004744775,0.004744775,0.004744775,0.004744775,0.004744775,0.004744775,0.004744775,0.004744775,0.004744775,0.004744775,0.004744775,0.004744775,0.004744775,0.004744775,0.004744775,0.004744775,0.365100408,0.004744775,0.004744775,0.004744775
서점·문구·팬시,2090,0.004394569,0.004394569,0.004394569,0.004394569,0.004394569,0.004394569,0.004394569,0.004394569,0.004394569,0.004394569,0.004394569,0.004394569,0.004394569,0.004394569,0.004394569,0.004394569,0.004394569,0.004394569,0.004394569,0.004394569,0.004394569,0.004394569,0.004394569,0.004394569,0.004394569,0.004394569,0.876952082,0.004394569,0.004394569
약국,2100,0.004848977,0.004848977,0.004848977,0.004848977,0.004848977,0.004848977,0.004848977,0.004848977,0.004848977,0.864228651,0.004848977,0.004848977,0.004848977,0.004848977,0.004848977,0.004848977,0.004848977,0.004848977,0.004848977,0.004848977,0.004848977,0.004848977,0.004848977,0.004848977,0.004848977,0.004848977,0.004848977,0.004848977,0.004848977
농수산·청과·축산,2110,0.006309181,0.006309181,0.006309181,0.006309181,0.006309181,0.006309181,0.006309181,0.006309181,0.006309181,0.006309181,0.006309181,0.006309181,0.006309181,0.006309181,0.823342924,0.006309181,0.006309181,0.006309181,0.006309181,0.006309181,0.006309181,0.006309181,0.006309181,0.006309181,0.006309181,0.006309181,0.006309181,0.006309181,0.006309181
화훼·꽃집,2120,0.00614181,0.00614181,0.00614181,0.00614181,0.00614181,0.00614181,0.00614181,0.00614181,0.00614181,0.00614181,0.00614181,0.00614181,0.00614181,0.00614181,0.00614181,0.00614181,0.00614181,0.00614181,0.00614181,0.00614181,0.00614181,0.00614181,0.00614181,0.00614181,0.00614181,0.82802933,0.00614181,0.00614181,0.00614181
스터디룸·독서실·고시원,2125,0.010159321,0.346719289,0.010159321,0.010159321,0.010159321,0.010159321,0.010159321,0.010159321,0.010159321,0.010159321,0.010159321,0.010159321,0.010159321,0.010159321,0.010159321,0.010159321,0.010159321,0.378979057,0.010159321,0.010159321,0.010159321,0.010159321,0.010159321,0.010159321,0.010159321,0.010159321,0.010159321,0.010159321,0.010159321
PC방,2126,0.004374407,0.004374407,0.004374407,0.004374407,0.313318782,0.004374407,0.004374407,0.004374407,0.004374407,0.004374407,0.004374407,0.004374407,0.004374407,0.004374407,0.004374407,0.004374407,0.004374407,0.004374407,0.004374407,0.004374407,0.004374407,0.004374407,0.004374407,0.004374407,0.41512086,0.004374407,0.157825768,0.004374407,0.004374407
노래방,2127,0.005255985,0.005255985,0.005255985,0.005255985,0.852832409,0.005255985,0.005255985,0.005255985,0.005255985,0.005255985,0.005255985,0.005255985,0.005255985,0.005255985,0.005255985,0.005255985,0.005255985,0.005255985,0.005255985,0.005255985,0.005255985,0.005255985,0.005255985,0.005255985,0.005255985,0.005255985,0.005255985,0.005255985,0.005255985
볼링·당구장,2128,0.005255985,0.005255985,0.005255985,0.005255985,0.852832409,0.005255985,0.005255985,0.005255985,0.005255985,0.005255985,0.005255985,0.005255985,0.005255985,0.005255985,0.005255985,0.005255985,0.005255985,0.005255985,0.005255985,0.005255985,0.005255985,0.005255985,0.005255985,0.005255985,0.005255985,0.005255985,0.005255985,0.005255985,0.005255985
스크린 골프·야구,2129,0.005255985,0.005255985,0.005255985,0.005255985,0.852832409,0.005255985,0.005255985,0.005255985,0.005255985,0.005255985,0.005255985,0.005255985,0.005255985,0.005255985,0.005255985,0.005255985,0.005255985,0.005255985,0.005255985,0.005255985,0.005255985,0.005255985,0.005255985,0.005255985,0.005255985,0.005255985,0.005255985,0.005255985,0.005255985
DVD·멀티방·만화카페,2130,0.005524127,0.005524127,0.005524127,0.005524127,0.38814263,0.462705951,0.005524127,0.005524127,0.005524127,0.005524127,0.005524127,0.005524127,0.005524127,0.005524127,0.005524127,0.005524127,0.005524127,0.005524127,0.005524127,0.005524127,0.005524127,0.005524127,0.005524127,0.005524127,0.005524127,0.005524127,0.005524127,0.005524127,0.005524127
오락실·게임장,2131,0.004902521,0.004902521,0.004902521,0.004902521,0.377741545,0.004902521,0.004902521,0.004902521,0.004902521,0.004902521,0.27828203,0.004902521,0.004902521,0.004902521,0.004902521,0.004902521,0.004902521,0.004902521,0.004902521,0.004902521,0.004902521,0.004902521,0.004902521,0.004902521,0.216510873,0.004902521,0.004902521,0.004902521,0.004902521
이색테마카페,2132,0.005255985,0.005255985,0.005255985,0.005255985,0.852832409,0.005255985,0.005255985,0.005255985,0.005255985,0.005255985,0.005255985,0.005255985,0.005255985,0.005255985,0.005255985,0.005255985,0.005255985,0.005255985,0.005255985,0.005255985,0.005255985,0.005255985,0.005255985,0.005255985,0.005255985,0.005255985,0.005255985,0.005255985,0.005255985
키즈카페,2133,0.004977737,0.004977737,0.004977737,0.004977737,0.004977737,0.004977737,0.187244137,0.004977737,0.004977737,0.004977737,0.004977737,0.004977737,0.004977737,0.004977737,0.678356952,0.004977737,0.004977737,0.004977737,0.004977737,0.004977737,0.004977737,0.004977737,0.004977737,0.004977737,0.004977737,0.004977737,0.004977737,0.004977737,0.004977737
찜질방·사우나·스파,2134,0.006362299,0.006362299,0.006362299,0.006362299,0.006362299,0.006362299,0.006362299,0.006362299,0.006362299,0.006362299,0.006362299,0.006362299,0.006362299,0.006362299,0.006362299,0.006362299,0.006362299,0.006362299,0.006362299,0.821855635,0.006362299,0.006362299,0.006362299,0.006362299,0.006362299,0.006362299,0.006362299,0.006362299,0.006362299
피트니스·스포츠,2135,0.005094698,0.005094698,0.005094698,0.005094698,0.005094698,0.005094698,0.005094698,0.005094698,0.005094698,0.240710493,0.005094698,0.005094698,0.005094698,0.005094698,0.005094698,0.005094698,0.005094698,0.005094698,0.005094698,0.005094698,0.005094698,0.005094698,0.005094698,0.005094698,0.005094698,0.005094698,0.005094698,0.621732673,0.005094698
고속도로휴게소,2136,0.005695065,0.005695065,0.005695065,0.005695065,0.005695065,0.005695065,0.005695065,0.005695065,0.005695065,0.005695065,0.005695065,0.005695065,0.005695065,0.005695065,0.005695065,0.005695065,0.005695065,0.005695065,0.005695065,0.005695065,0.005695065,0.005695065,0.005695065,0.005695065,0.005695065,0.005695065,0.840538173,0.005695065,0.005695065
매장관리·판매 기타,2990,0.005620796,0.005620796,0.005620796,0.005620796,0.005620796,0.005620796,0.005620796,0.005620796,0.005620796,0.005620796,0.005620796,0.005620796,0.005620796,0.005620796,0.005620796,0.005620796,0.005620796,0.005620796,0.842617708,0.005620796,0.005620796,0.005620796,0.005620796,0.005620796,0.005620796,0.005620796,0.005620796,0.005620796,0.005620796
놀이공원·테마파크,4221,0.004804639,0.004804639,0.004804639,0.004804639,0.004804639,0.004804639,0.004804639,0.004804639,0.004804639,0.004804639,0.004804639,0.004804639,0.004804639,0.004804639,0.004804639,0.004804639,0.004804639,0.004804639,0.004804639,0.865470102,0.004804639,0.004804639,0.004804639,0.004804639,0.004804639,0.004804639,0.004804639,0.004804639,0.004804639
호텔·리조트·숙박,4222,0.004747564,0.867068196,0.004747564,0.004747564,0.004747564,0.004747564,0.004747564,0.004747564,0.004747564,0.004747564,0.004747564,0.004747564,0.004747564,0.004747564,0.004747564,0.004747564,0.004747564,0.004747564,0.004747564,0.004747564,0.004747564,0.004747564,0.004747564,0.004747564,0.004747564,0.004747564,0.004747564,0.004747564,0.004747564
여행·캠프·레포츠,4223,0.005242024,0.005242024,0.005242024,0.005242024,0.005242024,0.005242024,0.005242024,0.005242024,0.005242024,0.005242024,0.005242024,0.005242024,0.005242024,0.005242024,0.005242024,0.005242024,0.005242024,0.005242024,0.147122579,0.005242024,0.005242024,0.005242024,0.005242024,0.005242024,0.005242024,0.005242024,0.005242024,0.711342766,0.005242024
영화관·공연장,4224,0.390063561,0.003388177,0.003388177,0.003388177,0.003388177,0.003388177,0.003388177,0.087538163,0.003388177,0.003388177,0.003388177,0.003388177,0.003388177,0.003388177,0.003388177,0.003388177,0.003388177,0.003388177,0.003388177,0.003388177,0.083479781,0.003388177,0.003388177,0.003388177,0.152258267,0.205343987,0.003388177,0.003388177,0.003388177
전시·컨벤션·세미나,4225,0.005397077,0.005397077,0.005397077,0.005397077,0.005397077,0.005397077,0.005397077,0.005397077,0.005397077,0.005397077,0.005397077,0.005397077,0.005397077,0.005397077,0.005397077,0.005397077,0.005397077,0.005397077,0.255725745,0.005397077,0.005397077,0.005397077,0.005397077,0.005397077,0.598553173,0.005397077,0.005397077,0.005397077,0.005397077
안내데스크·리셉션,4070,0.005566671,0.379168605,0.005566671,0.005566671,0.005566671,0.005566671,0.005566671,0.005566671,0.005566671,0.005566671,0.005566671,0.005566671,0.005566671,0.005566671,0.005566671,0.005566671,0.005566671,0.005566671,0.005566671,0.470531289,0.005566671,0.005566671,0.005566671,0.005566671,0.005566671,0.005566671,0.005566671,0.005566671,0.005566671
주차유도·안내,4090,0.007312489,0.326614883,0.007312489,0.007312489,0.007312489,0.007312489,0.47594791,0.007312489,0.007312489,0.007312489,0.007312489,0.007312489,0.007312489,0.007312489,0.007312489,0.007312489,0.007312489,0.007312489,0.007312489,0.007312489,0.007312489,0.007312489,0.007312489,0.007312489,0.007312489,0.007312489,0.007312489,0.007312489,0.007312489
보안·경비·경호,4095,0.005124752,0.005124752,0.005124752,0.005124752,0.856506933,0.005124752,0.005124752,0.005124752,0.005124752,0.005124752,0.005124752,0.005124752,0.005124752,0.005124752,0.005124752,0.005124752,0.005124752,0.005124752,0.005124752,0.005124752,0.005124752,0.005124752,0.005124752,0.005124752,0.005124752,0.005124752,0.005124752,0.005124752,0.005124752
주유·세차,4100,0.008290296,0.008290296,0.008290296,0.008290296,0.008290296,0.008290296,0.008290296,0.008290296,0.008290296,0.008290296,0.008290296,0.008290296,0.008290296,0.008290296,0.008290296,0.008290296,0.008290296,0.008290296,0.008290296,0.008290296,0.008290296,0.008290296,0.767871718,0.008290296,0.008290296,0.008290296,0.008290296,0.008290296,0.008290296
렌터카·차량관리,4228,0.005043006,0.858795824,0.005043006,0.005043006,0.005043006,0.005043006,0.005043006,0.005043006,0.005043006,0.005043006,0.005043006,0.005043006,0.005043006,0.005043006,0.005043006,0.005043006,0.005043006,0.005043006,0.005043006,0.005043006,0.005043006,0.005043006,0.005043006,0.005043006,0.005043006,0.005043006,0.005043006,0.005043006,0.005043006
전단지배포,4120,0.00549806,0.00549806,0.00549806,0.00549806,0.00549806,0.00549806,0.00549806,0.00549806,0.00549806,0.00549806,0.00549806,0.00549806,0.00549806,0.00549806,0.00549806,0.00549806,0.00549806,0.00549806,0.846054311,0.00549806,0.00549806,0.00549806,0.00549806,0.00549806,0.00549806,0.00549806,0.00549806,0.00549806,0.00549806
청소·미화,4130,0.00628843,0.00628843,0.00628843,0.00628843,0.17565034,0.00628843,0.00628843,0.00628843,0.00628843,0.00628843,0.00628843,0.00628843,0.654562049,0.00628843,0.00628843,0.00628843,0.00628843,0.00628843,0.00628843,0.00628843,0.00628843,0.00628843,0.00628843,0.00628843,0.00628843,0.00628843,0.00628843,0.00628843,0.00628843
렌탈관리·A/S,4135,0.005043006,0.858795824,0.005043006,0.005043006,0.005043006,0.005043006,0.005043006,0.005043006,0.005043006,0.005043006,0.005043006,0.005043006,0.005043006,0.005043006,0.005043006,0.005043006,0.005043006,0.005043006,0.005043006,0.005043006,0.005043006,0.005043006,0.005043006,0.005043006,0.005043006,0.005043006,0.005043006,0.005043006,0.005043006
골프캐디,4227,0.007339858,0.794483964,0.007339858,0.007339858,0.007339858,0.007339858,0.007339858,0.007339858,0.007339858,0.007339858,0.007339858,0.007339858,0.007339858,0.007339858,0.007339858,0.007339858,0.007339858,0.007339858,0.007339858,0.007339858,0.007339858,0.007339858,0.007339858,0.007339858,0.007339858,0.007339858,0.007339858,0.007339858,0.007339858
헤어·미용·네일샵,4140,0.003766941,0.106118854,0.003766941,0.003766941,0.003766941,0.003766941,0.003766941,0.003766941,0.003766941,0.792173726,0.003766941,0.003766941,0.003766941,0.003766941,0.003766941,0.003766941,0.003766941,0.003766941,0.003766941,0.003766941,0.003766941,0.003766941,0.003766941,0.003766941,0.003766941,0.003766941,0.003766941,0.003766941,0.003766941
피부관리·마사지,4149,0.005955216,0.005955216,0.005955216,0.005955216,0.005955216,0.005955216,0.005955216,0.833253964,0.005955216,0.005955216,0.005955216,0.005955216,0.005955216,0.005955216,0.005955216,0.005955216,0.005955216,0.005955216,0.005955216,0.005955216,0.005955216,0.005955216,0.005955216,0.005955216,0.005955216,0.005955216,0.005955216,0.005955216,0.005955216
반려동물케어,4160,0.007240668,0.007240668,0.007240668,0.007240668,0.122420831,0.007240668,0.007240668,0.007240668,0.007240668,0.007240668,0.007240668,0.007240668,0.007240668,0.007240668,0.007240668,0.007240668,0.007240668,0.007240668,0.007240668,0.007240668,0.007240668,0.007240668,0.007240668,0.682081137,0.007240668,0.007240668,0.007240668,0.007240668,0.007240668
베이비시터·가사도우미,4170,0.007339858,0.794483964,0.007339858,0.007339858,0.007339858,0.007339858,0.007339858,0.007339858,0.007339858,0.007339858,0.007339858,0.007339858,0.007339858,0.007339858,0.007339858,0.007339858,0.007339858,0.007339858,0.007339858,0.007339858,0.007339858,0.007339858,0.007339858,0.007339858,0.007339858,0.007339858,0.007339858,0.007339858,0.007339858
결혼·연회·장례도우미,4180,0.004730583,0.004730583,0.004730583,0.004730583,0.004730583,0.004730583,0.004730583,0.004730583,0.804533977,0.004730583,0.004730583,0.004730583,0.004730583,0.004730583,0.004730583,0.004730583,0.004730583,0.004730583,0.067740291,0.004730583,0.004730583,0.004730583,0.004730583,0.004730583,0.004730583,0.004730583,0.004730583,0.004730583,0.004730583
이벤트·행사스텝,4200,0.005528966,0.005528966,0.005528966,0.005528966,0.005528966,0.005528966,0.005528966,0.005528966,0.005528966,0.005528966,0.005528966,0.005528966,0.763708405,0.005528966,0.005528966,0.005528966,0.005528966,0.005528966,0.005528966,0.005528966,0.005528966,0.005528966,0.005528966,0.005528966,0.005528966,0.08700951,0.005528966,0.005528966,0.005528966
나레이터모델,4210,0.006381232,0.006381232,0.006381232,0.006381232,0.006381232,0.006381232,0.006381232,0.006381232,0.006381232,0.006381232,0.006381232,0.006381232,0.006381232,0.006381232,0.006381232,0.006381232,0.006381232,0.006381232,0.006381232,0.006381232,0.006381232,0.006381232,0.006381232,0.006381232,0.006381232,0.006381232,0.006381232,0.006381232,0.82132551
피팅모델,4220,0.006211164,0.006211164,0.006211164,0.006211164,0.006211164,0.006211164,0.006211164,0.006211164,0.006211164,0.006211164,0.006211164,0.006211164,0.006211164,0.006211164,0.006211164,0.006211164,0.006211164,0.006211164,0.006211164,0.006211164,0.006211164,0.006211164,0.826087411,0.006211164,0.006211164,0.006211164,0.006211164,0.006211164,0.006211164
공인중개,4226,0.006180378,0.006180378,0.006180378,0.006180378,0.006180378,0.006180378,0.006180378,0.006180378,0.006180378,0.006180378,0.826949407,0.006180378,0.006180378,0.006180378,0.006180378,0.006180378,0.006180378,0.006180378,0.006180378,0.006180378,0.006180378,0.006180378,0.006180378,0.006180378,0.006180378,0.006180378,0.006180378,0.006180378,0.006180378
서비스 기타,4990,0.003723257,0.003723257,0.003723257,0.003723257,0.003723257,0.003723257,0.003723257,0.003723257,0.003723257,0.003723257,0.003723257,0.003723257,0.003723257,0.003723257,0.003723257,0.553366856,0.003723257,0.003723257,0.003723257,0.003723257,0.003723257,0.003723257,0.003723257,0.003723257,0.003723257,0.093318725,0.003723257,0.256509739,0.003723257
사무보조,6010,0.009236049,0.009236049,0.009236049,0.009236049,0.009236049,0.009236049,0.009236049,0.741390641,0.009236049,0.009236049,0.009236049,0.009236049,0.009236049,0.009236049,0.009236049,0.009236049,0.009236049,0.009236049,0.009236049,0.009236049,0.009236049,0.009236049,0.009236049,0.009236049,0.009236049,0.009236049,0.009236049,0.009236049,0.009236049
문서작성·자료조사,6015,0.003657742,0.003657742,0.003657742,0.003657742,0.003657742,0.003657742,0.003657742,0.003657742,0.003657742,0.003657742,0.003657742,0.003657742,0.325375684,0.575865272,0.003657742,0.003657742,0.003657742,0.003657742,0.003657742,0.003657742,0.003657742,0.003657742,0.003657742,0.003657742,0.003657742,0.003657742,0.003657742,0.003657742,0.003657742
데이터수집·가공,6082,0.003657742,0.003657742,0.003657742,0.003657742,0.003657742,0.003657742,0.003657742,0.003657742,0.003657742,0.003657742,0.003657742,0.003657742,0.325375684,0.575865272,0.003657742,0.003657742,0.003657742,0.003657742,0.003657742,0.003657742,0.003657742,0.003657742,0.003657742,0.003657742,0.003657742,0.003657742,0.003657742,0.003657742,0.003657742
비서,6020,0.006238396,0.006238396,0.006238396,0.006238396,0.006238396,0.006238396,0.006238396,0.006238396,0.006238396,0.006238396,0.006238396,0.006238396,0.006238396,0.006238396,0.006238396,0.006238396,0.006238396,0.006238396,0.006238396,0.006238396,0.006238396,0.006238396,0.006238396,0.006238396,0.006238396,0.006238396,0.006238396,0.825324923,0.006238396
경리·회계보조,6030,0.005246418,0.10397571,0.754370992,0.005246418,0.005246418,0.005246418,0.005246418,0.005246418,0.005246418,0.005246418,0.005246418,0.005246418,0.005246418,0.005246418,0.005246418,0.005246418,0.005246418,0.005246418,0.005246418,0.005246418,0.005246418,0.005246418,0.005246418,0.005246418,0.005246418,0.005246418,0.005246418,0.005246418,0.005246418
인사·총무,6033,0.005815522,0.005815522,0.005815522,0.005815522,0.005815522,0.005815522,0.005815522,0.005815522,0.005815522,0.005815522,0.005815522,0.005815522,0.005815522,0.005815522,0.005815522,0.005815522,0.005815522,0.837165388,0.005815522,0.005815522,0.005815522,0.005815522,0.005815522,0.005815522,0.005815522,0.005815522,0.005815522,0.005815522,0.005815522
마케팅·광고·홍보,6036,0.84595831,0.005501489,0.005501489,0.005501489,0.005501489,0.005501489,0.005501489,0.005501489,0.005501489,0.005501489,0.005501489,0.005501489,0.005501489,0.005501489,0.005501489,0.005501489,0.005501489,0.005501489,0.005501489,0.005501489,0.005501489,0.005501489,0.005501489,0.005501489,0.005501489,0.005501489,0.005501489,0.005501489,0.005501489
바이럴·SNS마케팅,6081,0.004414702,0.004414702,0.004414702,0.004414702,0.004414702,0.004414702,0.004414702,0.004414702,0.004414702,0.445958878,0.004414702,0.004414702,0.004414702,0.004414702,0.004414702,0.004414702,0.004414702,0.004414702,0.004414702,0.004414702,0.004414702,0.434844159,0.004414702,0.004414702,0.004414702,0.004414702,0.004414702,0.004414702,0.004414702
번역·통역,6050,0.005271827,0.005271827,0.005271827,0.005271827,0.005271827,0.005271827,0.005271827,0.005271827,0.005271827,0.005271827,0.005271827,0.005271827,0.005271827,0.005271827,0.005271827,0.005271827,0.005271827,0.005271827,0.852388846,0.005271827,0.005271827,0.005271827,0.005271827,0.005271827,0.005271827,0.005271827,0.005271827,0.005271827,0.005271827
복사·출력·제본,6055,0.009236049,0.009236049,0.009236049,0.009236049,0.009236049,0.009236049,0.009236049,0.741390641,0.009236049,0.009236049,0.009236049,0.009236049,0.009236049,0.009236049,0.009236049,0.009236049,0.009236049,0.009236049,0.009236049,0.009236049,0.009236049,0.009236049,0.009236049,0.009236049,0.009236049,0.009236049,0.009236049,0.009236049,0.009236049
편집·교정·교열,6060,0.00457473,0.00457473,0.00457473,0.00457473,0.00457473,0.00457473,0.00457473,0.00457473,0.00457473,0.00457473,0.00457473,0.00457473,0.00457473,0.00457473,0.00457473,0.00457473,0.00457473,0.00457473,0.00457473,0.00457473,0.00457473,0.00457473,0.00457473,0.00457473,0.871907553,0.00457473,0.00457473,0.00457473,0.00457473
공공기관·공기업·협회,6070,0.003783215,0.003783215,0.003783215,0.003783215,0.003783215,0.003783215,0.003783215,0.003783215,0.003783215,0.003783215,0.003783215,0.003783215,0.003783215,0.003783215,0.003783215,0.003783215,0.003783215,0.003783215,0.003783215,0.003783215,0.72638725,0.003783215,0.003783215,0.003783215,0.003783215,0.003783215,0.003783215,0.003783215,0.171465954
학교·도서관·교육기관,6080,0.005204905,0.005204905,0.005204905,0.005204905,0.005204905,0.005204905,0.005204905,0.005204905,0.005204905,0.005204905,0.005204905,0.005204905,0.176108204,0.005204905,0.005204905,0.005204905,0.005204905,0.005204905,0.005204905,0.005204905,0.005204905,0.005204905,0.005204905,0.683359354,0.005204905,0.005204905,0.005204905,0.005204905,0.005204905
고객상담·인바운드,7010,0.005681193,0.005681193,0.005681193,0.005681193,0.005681193,0.005681193,0.005681193,0.005681193,0.005681193,0.005681193,0.840926585,0.005681193,0.005681193,0.005681193,0.005681193,0.005681193,0.005681193,0.005681193,0.005681193,0.005681193,0.005681193,0.005681193,0.005681193,0.005681193,0.005681193,0.005681193,0.005681193,0.005681193,0.005681193
텔레마케팅·아웃바운드,7020,0.004556262,0.004556262,0.004556262,0.004556262,0.004556262,0.004556262,0.004556262,0.004556262,0.004556262,0.004556262,0.004556262,0.004556262,0.004556262,0.004556262,0.004556262,0.004556262,0.004556262,0.004556262,0.004556262,0.004556262,0.004556262,0.004556262,0.004556262,0.004556262,0.872424653,0.004556262,0.004556262,0.004556262,0.004556262
쇼핑몰인바운드,7051,0.005681193,0.005681193,0.005681193,0.005681193,0.005681193,0.005681193,0.005681193,0.005681193,0.005681193,0.005681193,0.840926585,0.005681193,0.005681193,0.005681193,0.005681193,0.005681193,0.005681193,0.005681193,0.005681193,0.005681193,0.005681193,0.005681193,0.005681193,0.005681193,0.005681193,0.005681193,0.005681193,0.005681193,0.005681193
금융·보험영업,7025,0.004056501,0.004056501,0.886417976,0.004056501,0.004056501,0.004056501,0.004056501,0.004056501,0.004056501,0.004056501,0.004056501,0.004056501,0.004056501,0.004056501,0.004056501,0.004056501,0.004056501,0.004056501,0.004056501,0.004056501,0.004056501,0.004056501,0.004056501,0.004056501,0.004056501,0.004056501,0.004056501,0.004056501,0.004056501
오프라인영업·판매,7030,0.205832547,0.00400371,0.00400371,0.00400371,0.00400371,0.00400371,0.00400371,0.00400371,0.00400371,0.00400371,0.00400371,0.00400371,0.00400371,0.00400371,0.00400371,0.00400371,0.00400371,0.00400371,0.36430783,0.00400371,0.00400371,0.32576316,0.00400371,0.00400371,0.00400371,0.00400371,0.00400371,0.00400371,0.00400371
설문조사·리서치,7040,0.004687521,0.004687521,0.004687521,0.004687521,0.004687521,0.004687521,0.004687521,0.004687521,0.004687521,0.004687521,0.004687521,0.004687521,0.868749413,0.004687521,0.004687521,0.004687521,0.004687521,0.004687521,0.004687521,0.004687521,0.004687521,0.004687521,0.004687521,0.004687521,0.004687521,0.004687521,0.004687521,0.004687521,0.004687521
콜센터관리·모니터링,7052,0.004556262,0.004556262,0.004556262,0.004556262,0.004556262,0.004556262,0.004556262,0.004556262,0.004556262,0.004556262,0.004556262,0.004556262,0.004556262,0.004556262,0.004556262,0.004556262,0.004556262,0.004556262,0.004556262,0.004556262,0.004556262,0.004556262,0.004556262,0.004556262,0.872424653,0.004556262,0.004556262,0.004556262,0.004556262
영업관리·지원,7050,0.005815522,0.005815522,0.005815522,0.005815522,0.005815522,0.005815522,0.005815522,0.005815522,0.005815522,0.005815522,0.005815522,0.005815522,0.005815522,0.005815522,0.005815522,0.005815522,0.005815522,0.837165388,0.005815522,0.005815522,0.005815522,0.005815522,0.005815522,0.005815522,0.005815522,0.005815522,0.005815522,0.005815522,0.005815522
제조·가공·조립,8020,0.006394837,0.006394837,0.006394837,0.006394837,0.006394837,0.006394837,0.006394837,0.006394837,0.006394837,0.006394837,0.006394837,0.006394837,0.006394837,0.006394837,0.006394837,0.006394837,0.006394837,0.006394837,0.006394837,0.006394837,0.006394837,0.006394837,0.006394837,0.006394837,0.820944556,0.006394837,0.006394837,0.006394837,0.006394837
포장·품질검사,8040,0.004929448,0.004929448,0.004929448,0.004929448,0.004929448,0.004929448,0.004929448,0.004929448,0.602090545,0.004929448,0.004929448,0.004929448,0.004929448,0.004929448,0.004929448,0.004929448,0.004929448,0.004929448,0.004929448,0.004929448,0.004929448,0.004929448,0.004929448,0.004929448,0.264814367,0.004929448,0.004929448,0.004929448,0.004929448
입출고·창고관리,8050,0.004918545,0.004918545,0.004918545,0.004918545,0.004918545,0.004918545,0.004918545,0.004918545,0.004918545,0.004918545,0.004918545,0.004918545,0.004918545,0.004918545,0.004918545,0.004918545,0.862280746,0.004918545,0.004918545,0.004918545,0.004918545,0.004918545,0.004918545,0.004918545,0.004918545,0.004918545,0.004918545,0.004918545,0.004918545
상하차·소화물 분류,8056,0.00663336,0.00663336,0.00663336,0.00663336,0.00663336,0.00663336,0.00663336,0.00663336,0.00663336,0.00663336,0.00663336,0.00663336,0.00663336,0.00663336,0.00663336,0.00663336,0.81426591,0.00663336,0.00663336,0.00663336,0.00663336,0.00663336,0.00663336,0.00663336,0.00663336,0.00663336,0.00663336,0.00663336,0.00663336
물류피킹·포장·전산,8111,0.004929448,0.004929448,0.004929448,0.004929448,0.004929448,0.004929448,0.004929448,0.004929448,0.602090545,0.004929448,0.004929448,0.004929448,0.004929448,0.004929448,0.004929448,0.004929448,0.004929448,0.004929448,0.004929448,0.004929448,0.004929448,0.004929448,0.004929448,0.004929448,0.264814367,0.004929448,0.004929448,0.004929448,0.004929448
지게차운전,8112,0.004968515,0.004968515,0.004968515,0.004968515,0.004968515,0.004968515,0.004968515,0.004968515,0.004968515,0.004968515,0.004968515,0.004968515,0.004968515,0.004968515,0.004968515,0.004968515,0.489792455,0.004968515,0.004968515,0.004968515,0.004968515,0.004968515,0.004968515,0.004968515,0.060232355,0.320793802,0.004968515,0.004968515,0.004968515
금형·사출·프레스·사상,8113,0.006394837,0.006394837,0.006394837,0.006394837,0.006394837,0.006394837,0.006394837,0.006394837,0.006394837,0.006394837,0.006394837,0.006394837,0.006394837,0.006394837,0.006394837,0.006394837,0.006394837,0.006394837,0.006394837,0.006394837,0.006394837,0.006394837,0.006394837,0.006394837,0.820944556,0.006394837,0.006394837,0.006394837,0.006394837
반도체·전자부품생산,8114,0.004082652,0.755624479,0.004082652,0.004082652,0.004082652,0.004082652,0.004082652,0.004082652,0.004082652,0.004082652,0.134143917,0.004082652,0.004082652,0.004082652,0.004082652,0.004082652,0.004082652,0.004082652,0.004082652,0.004082652,0.004082652,0.004082652,0.004082652,0.004082652,0.004082652,0.004082652,0.004082652,0.004082652,0.004082652
기계조작·오퍼레이터,8115,0.004082652,0.755624479,0.004082652,0.004082652,0.004082652,0.004082652,0.004082652,0.004082652,0.004082652,0.004082652,0.134143917,0.004082652,0.004082652,0.004082652,0.004082652,0.004082652,0.004082652,0.004082652,0.004082652,0.004082652,0.004082652,0.004082652,0.004082652,0.004082652,0.004082652,0.004082652,0.004082652,0.004082652,0.004082652
정비·수리·설치·A/S,8075,0.004552773,0.004552773,0.004552773,0.004552773,0.004552773,0.568292128,0.004552773,0.004552773,0.004552773,0.004552773,0.118559872,0.004552773,0.004552773,0.004552773,0.004552773,0.004552773,0.004552773,0.004552773,0.004552773,0.004552773,0.004552773,0.004552773,0.004552773,0.004552773,0.194775909,0.004552773,0.004552773,0.004552773,0.004552773
전기·시설물관리,8116,0.004082652,0.755624479,0.004082652,0.004082652,0.004082652,0.004082652,0.004082652,0.004082652,0.004082652,0.004082652,0.134143917,0.004082652,0.004082652,0.004082652,0.004082652,0.004082652,0.004082652,0.004082652,0.004082652,0.004082652,0.004082652,0.004082652,0.004082652,0.004082652,0.004082652,0.004082652,0.004082652,0.004082652,0.004082652
운반·설치·철거,8117,0.004899826,0.004899826,0.004899826,0.004899826,0.004899826,0.004899826,0.004899826,0.004899826,0.004899826,0.004899826,0.004899826,0.004899826,0.004899826,0.004899826,0.004899826,0.786830676,0.004899826,0.004899826,0.004899826,0.004899826,0.004899826,0.004899826,0.004899826,0.004899826,0.080874023,0.004899826,0.004899826,0.004899826,0.004899826
공사·건설현장,8085,0.004899826,0.004899826,0.004899826,0.004899826,0.004899826,0.004899826,0.004899826,0.004899826,0.004899826,0.004899826,0.004899826,0.004899826,0.004899826,0.004899826,0.004899826,0.786830676,0.004899826,0.004899826,0.004899826,0.004899826,0.004899826,0.004899826,0.004899826,0.004899826,0.080874023,0.004899826,0.004899826,0.004899826,0.004899826
전기·칸막이·배관공사,8095,0.005181028,0.005181028,0.005181028,0.005181028,0.005181028,0.005181028,0.005181028,0.005181028,0.005181028,0.005181028,0.005181028,0.005181028,0.005181028,0.005181028,0.005181028,0.854931211,0.005181028,0.005181028,0.005181028,0.005181028,0.005181028,0.005181028,0.005181028,0.005181028,0.005181028,0.005181028,0.005181028,0.005181028,0.005181028
인테리어·보수공사,8118,0.004899826,0.004899826,0.004899826,0.004899826,0.004899826,0.004899826,0.004899826,0.004899826,0.004899826,0.004899826,0.004899826,0.004899826,0.004899826,0.004899826,0.004899826,0.786830676,0.004899826,0.004899826,0.004899826,0.004899826,0.004899826,0.004899826,0.004899826,0.004899826,0.080874023,0.004899826,0.004899826,0.004899826,0.004899826
조선소,8100,0.005306764,0.005306764,0.005306764,0.005306764,0.005306764,0.005306764,0.005306764,0.005306764,0.005306764,0.005306764,0.005306764,0.005306764,0.005306764,0.005306764,0.005306764,0.005306764,0.005306764,0.005306764,0.851410616,0.005306764,0.005306764,0.005306764,0.005306764,0.005306764,0.005306764,0.005306764,0.005306764,0.005306764,0.005306764
재단·재봉,8110,0.005572367,0.005572367,0.005572367,0.005572367,0.005572367,0.005572367,0.005572367,0.005572367,0.005572367,0.005572367,0.005572367,0.005572367,0.005572367,0.005572367,0.005572367,0.005572367,0.005572367,0.005572367,0.005572367,0.005572367,0.005572367,0.005572367,0.005572367,0.005572367,0.005572367,0.843973712,0.005572367,0.005572367,0.005572367
생산·건설·노무 기타,8990,0.006708836,0.006708836,0.006708836,0.006708836,0.006708836,0.006708836,0.006708836,0.006708836,0.006708836,0.006708836,0.006708836,0.006708836,0.006708836,0.812152593,0.006708836,0.006708836,0.006708836,0.006708836,0.006708836,0.006708836,0.006708836,0.006708836,0.006708836,0.006708836,0.006708836,0.006708836,0.006708836,0.006708836,0.006708836
웹·콘텐츠기획,9005,0.005242692,0.005242692,0.005242692,0.005242692,0.005242692,0.005242692,0.005242692,0.005242692,0.005242692,0.005242692,0.005242692,0.005242692,0.853204629,0.005242692,0.005242692,0.005242692,0.005242692,0.005242692,0.005242692,0.005242692,0.005242692,0.005242692,0.005242692,0.005242692,0.005242692,0.005242692,0.005242692,0.005242692,0.005242692
사이트관리·기술지원,9010,0.005370589,0.005370589,0.005370589,0.005370589,0.005370589,0.005370589,0.005370589,0.005370589,0.005370589,0.005370589,0.005370589,0.005370589,0.462622207,0.005370589,0.005370589,0.005370589,0.005370589,0.005370589,0.005370589,0.005370589,0.005370589,0.392371883,0.005370589,0.005370589,0.005370589,0.005370589,0.005370589,0.005370589,0.005370589
프로그래머,9060,0.007409146,0.007409146,0.007409146,0.007409146,0.007409146,0.007409146,0.007409146,0.007409146,0.007409146,0.007409146,0.007409146,0.007409146,0.007409146,0.007409146,0.007409146,0.007409146,0.007409146,0.007409146,0.007409146,0.007409146,0.007409146,0.007409146,0.79254391,0.007409146,0.007409146,0.007409146,0.007409146,0.007409146,0.007409146
HTML코딩,9061,0.005413979,0.005413979,0.005413979,0.005413979,0.005413979,0.005413979,0.005413979,0.005413979,0.005413979,0.005413979,0.005413979,0.005413979,0.005413979,0.005413979,0.005413979,0.005413979,0.309271534,0.005413979,0.005413979,0.005413979,0.005413979,0.005413979,0.41223748,0.005413979,0.005413979,0.137727526,0.005413979,0.005413979,0.005413979
QA·테스터·검증,9063,0.008862849,0.008862849,0.008862849,0.008862849,0.008862849,0.008862849,0.008862849,0.008862849,0.008862849,0.008862849,0.008862849,0.008862849,0.008862849,0.008862849,0.751840217,0.008862849,0.008862849,0.008862849,0.008862849,0.008862849,0.008862849,0.008862849,0.008862849,0.008862849,0.008862849,0.008862849,0.008862849,0.008862849,0.008862849
시스템·네트워크·보안,9066,0.00455543,0.00455543,0.00455543,0.00455543,0.00455543,0.00455543,0.00455543,0.00455543,0.00455543,0.00455543,0.872447961,0.00455543,0.00455543,0.00455543,0.00455543,0.00455543,0.00455543,0.00455543,0.00455543,0.00455543,0.00455543,0.00455543,0.00455543,0.00455543,0.00455543,0.00455543,0.00455543,0.00455543,0.00455543
PC·디지털기기 설치·관리,9070,0.006446204,0.006446204,0.006446204,0.006446204,0.006446204,0.006446204,0.006446204,0.006446204,0.006446204,0.006446204,0.819506293,0.006446204,0.006446204,0.006446204,0.006446204,0.006446204,0.006446204,0.006446204,0.006446204,0.006446204,0.006446204,0.006446204,0.006446204,0.006446204,0.006446204,0.006446204,0.006446204,0.006446204,0.006446204
입시·보습학원,A010,0.007668619,0.007668619,0.007668619,0.007668619,0.007668619,0.007668619,0.007668619,0.007668619,0.785278674,0.007668619,0.007668619,0.007668619,0.007668619,0.007668619,0.007668619,0.007668619,0.007668619,0.007668619,0.007668619,0.007668619,0.007668619,0.007668619,0.007668619,0.007668619,0.007668619,0.007668619,0.007668619,0.007668619,0.007668619
외국어·어학원,A020,0.007668619,0.007668619,0.007668619,0.007668619,0.007668619,0.007668619,0.007668619,0.007668619,0.785278674,0.007668619,0.007668619,0.007668619,0.007668619,0.007668619,0.007668619,0.007668619,0.007668619,0.007668619,0.007668619,0.007668619,0.007668619,0.007668619,0.007668619,0.007668619,0.007668619,0.007668619,0.007668619,0.007668619,0.007668619
독서·논술·스피치학원,A091,0.007668619,0.007668619,0.007668619,0.007668619,0.007668619,0.007668619,0.007668619,0.007668619,0.785278674,0.007668619,0.007668619,0.007668619,0.007668619,0.007668619,0.007668619,0.007668619,0.007668619,0.007668619,0.007668619,0.007668619,0.007668619,0.007668619,0.007668619,0.007668619,0.007668619,0.007668619,0.007668619,0.007668619,0.007668619
컴퓨터·정보통신,A030,0.387470397,0.005986443,0.005986443,0.005986443,0.005986443,0.005986443,0.005986443,0.005986443,0.005986443,0.005986443,0.450895636,0.005986443,0.005986443,0.005986443,0.005986443,0.005986443,0.005986443,0.005986443,0.005986443,0.005986443,0.005986443,0.005986443,0.005986443,0.005986443,0.005986443,0.005986443,0.005986443,0.005986443,0.005986443
요가·필라테스 강사,A033,0.004389293,0.004389293,0.004389293,0.004389293,0.004389293,0.004389293,0.004389293,0.004389293,0.004389293,0.128224437,0.004389293,0.004389293,0.004389293,0.004389293,0.004389293,0.004389293,0.004389293,0.004389293,0.004389293,0.004389293,0.004389293,0.004389293,0.004389293,0.004389293,0.004389293,0.004389293,0.004389293,0.753264659,0.004389293
피트니스 트레이너,A036,0.005094698,0.005094698,0.005094698,0.005094698,0.005094698,0.005094698,0.005094698,0.005094698,0.005094698,0.240710493,0.005094698,0.005094698,0.005094698,0.005094698,0.005094698,0.005094698,0.005094698,0.005094698,0.005094698,0.005094698,0.005094698,0.005094698,0.005094698,0.005094698,0.005094698,0.005094698,0.005094698,0.621732673,0.005094698
레져스포츠 강사,A038,0.0062531,0.0062531,0.0062531,0.0062531,0.0062531,0.0062531,0.0062531,0.0062531,0.0062531,0.824913214,0.0062531,0.0062531,0.0062531,0.0062531,0.0062531,0.0062531,0.0062531,0.0062531,0.0062531,0.0062531,0.0062531,0.0062531,0.0062531,0.0062531,0.0062531,0.0062531,0.0062531,0.0062531,0.0062531
예체능 강사,A040,0.008106947,0.008106947,0.008106947,0.008106947,0.008106947,0.008106947,0.008106947,0.008106947,0.773005486,0.008106947,0.008106947,0.008106947,0.008106947,0.008106947,0.008106947,0.008106947,0.008106947,0.008106947,0.008106947,0.008106947,0.008106947,0.008106947,0.008106947,0.008106947,0.008106947,0.008106947,0.008106947,0.008106947,0.008106947
유아·유치원,A050,0.007050751,0.007050751,0.007050751,0.007050751,0.007050751,0.007050751,0.802578976,0.007050751,0.007050751,0.007050751,0.007050751,0.007050751,0.007050751,0.007050751,0.007050751,0.007050751,0.007050751,0.007050751,0.007050751,0.007050751,0.007050751,0.007050751,0.007050751,0.007050751,0.007050751,0.007050751,0.007050751,0.007050751,0.007050751
등하원·승하차도우미,A092,0.00467553,0.00467553,0.00467553,0.00467553,0.00467553,0.00467553,0.00467553,0.00467553,0.00467553,0.00467553,0.00467553,0.00467553,0.00467553,0.00467553,0.00467553,0.00467553,0.00467553,0.00467553,0.00467553,0.00467553,0.00467553,0.00467553,0.00467553,0.00467553,0.00467553,0.00467553,0.00467553,0.00467553,0.869085149
방문·학습지,A060,0.005870392,0.005870392,0.005870392,0.005870392,0.005870392,0.005870392,0.005870392,0.005870392,0.005870392,0.005870392,0.005870392,0.005870392,0.005870392,0.005870392,0.005870392,0.005870392,0.005870392,0.005870392,0.835629023,0.005870392,0.005870392,0.005870392,0.005870392,0.005870392,0.005870392,0.005870392,0.005870392,0.005870392,0.005870392
보조교사,A070,0.00467553,0.00467553,0.00467553,0.00467553,0.00467553,0.00467553,0.00467553,0.00467553,0.00467553,0.00467553,0.00467553,0.00467553,0.00467553,0.00467553,0.00467553,0.00467553,0.00467553,0.00467553,0.00467553,0.00467553,0.00467553,0.00467553,0.00467553,0.00467553,0.00467553,0.00467553,0.00467553,0.00467553,0.869085149
자격증·기술학원,A080,0.007668619,0.007668619,0.007668619,0.007668619,0.007668619,0.007668619,0.007668619,0.007668619,0.785278674,0.007668619,0.007668619,0.007668619,0.007668619,0.007668619,0.007668619,0.007668619,0.007668619,0.007668619,0.007668619,0.007668619,0.007668619,0.007668619,0.007668619,0.007668619,0.007668619,0.007668619,0.007668619,0.007668619,0.007668619
국비교육기관,A090,0.007668619,0.007668619,0.007668619,0.007668619,0.007668619,0.007668619,0.007668619,0.007668619,0.785278674,0.007668619,0.007668619,0.007668619,0.007668619,0.007668619,0.007668619,0.007668619,0.007668619,0.007668619,0.007668619,0.007668619,0.007668619,0.007668619,0.007668619,0.007668619,0.007668619,0.007668619,0.007668619,0.007668619,0.007668619
학원운영지원,A093,0.003783215,0.003783215,0.003783215,0.003783215,0.003783215,0.003783215,0.003783215,0.003783215,0.003783215,0.003783215,0.003783215,0.003783215,0.003783215,0.003783215,0.003783215,0.003783215,0.003783215,0.003783215,0.003783215,0.003783215,0.72638725,0.003783215,0.003783215,0.003783215,0.003783215,0.003783215,0.003783215,0.003783215,0.171465954
교재·교육콘텐츠제작,A094,0.009236049,0.009236049,0.009236049,0.009236049,0.009236049,0.009236049,0.009236049,0.741390641,0.009236049,0.009236049,0.009236049,0.009236049,0.009236049,0.009236049,0.009236049,0.009236049,0.009236049,0.009236049,0.009236049,0.009236049,0.009236049,0.009236049,0.009236049,0.009236049,0.009236049,0.009236049,0.009236049,0.009236049,0.009236049
교육·강사 기타,A990,0.004892964,0.004892964,0.004892964,0.004892964,0.004892964,0.004892964,0.004892964,0.004892964,0.004892964,0.004892964,0.004892964,0.004892964,0.004892964,0.004892964,0.004892964,0.004892964,0.004892964,0.004892964,0.158795818,0.611161928,0.004892964,0.004892964,0.004892964,0.004892964,0.004892964,0.004892964,0.004892964,0.004892964,0.102825184
웹·모바일디자인,B010,0.006988619,0.006988619,0.006988619,0.006988619,0.006988619,0.006988619,0.006988619,0.006988619,0.006988619,0.006988619,0.006988619,0.006988619,0.006988619,0.006988619,0.006988619,0.006988619,0.804318661,0.006988619,0.006988619,0.006988619,0.006988619,0.006988619,0.006988619,0.006988619,0.006988619,0.006988619,0.006988619,0.006988619,0.006988619
그래픽·영상·편집디자인,B020,0.004523993,0.004523993,0.004523993,0.004523993,0.004523993,0.004523993,0.004523993,0.004523993,0.004523993,0.004523993,0.004523993,0.004523993,0.004523993,0.004523993,0.004523993,0.004523993,0.004523993,0.004523993,0.004523993,0.004523993,0.004523993,0.004523993,0.004523993,0.004523993,0.392254246,0.485597931,0.004523993,0.004523993,0.004523993
제품·산업디자인,B030,0.00503061,0.564790469,0.00503061,0.00503061,0.00503061,0.00503061,0.00503061,0.00503061,0.00503061,0.00503061,0.00503061,0.00503061,0.00503061,0.00503061,0.00503061,0.00503061,0.00503061,0.00503061,0.00503061,0.00503061,0.00503061,0.00503061,0.00503061,0.00503061,0.00503061,0.299383072,0.00503061,0.00503061,0.00503061
CAD·CAM·인테리어디자인,B040,0.004992263,0.004992263,0.004992263,0.004992263,0.004992263,0.004992263,0.004992263,0.004992263,0.004992263,0.004992263,0.004992263,0.004992263,0.004992263,0.004992263,0.004992263,0.004992263,0.004992263,0.004992263,0.004992263,0.004992263,0.004992263,0.004992263,0.004992263,0.004992263,0.004992263,0.860216639,0.004992263,0.004992263,0.004992263
캐릭터·애니메이션디자인,B050,0.003920067,0.003920067,0.003920067,0.003920067,0.003920067,0.003920067,0.003920067,0.003920067,0.003920067,0.003920067,0.003920067,0.003920067,0.003920067,0.003920067,0.003920067,0.003920067,0.003920067,0.003920067,0.003920067,0.003920067,0.003920067,0.003920067,0.003920067,0.003920067,0.00392007,0.890238116,0.003920067,0.003920067,0.003920067
패션·잡화디자인,B060,0.004550048,0.146979393,0.004550048,0.004550048,0.004550048,0.004550048,0.004550048,0.004550048,0.004550048,0.730169313,0.004550048,0.004550048,0.004550048,0.004550048,0.004550048,0.004550048,0.004550048,0.004550048,0.004550048,0.004550048,0.004550048,0.004550048,0.004550048,0.004550048,0.004550048,0.004550048,0.004550048,0.004550048,0.004550048
디자인 기타,B990,0.005670014,0.005670014,0.005670014,0.005670014,0.005670014,0.005670014,0.005670014,0.005670014,0.005670014,0.005670014,0.005670014,0.005670014,0.005670014,0.005670014,0.005670014,0.005670014,0.005670014,0.005670014,0.005670014,0.005670014,0.005670014,0.005670014,0.841239621,0.005670014,0.005670014,0.005670014,0.005670014,0.005670014,0.005670014
보조출연·방청,C010,0.003901105,0.003901105,0.003901105,0.003901105,0.003901105,0.003901105,0.003901105,0.230602462,0.003901105,0.003901105,0.003901105,0.003901105,0.003901105,0.003901105,0.003901105,0.003901105,0.003901105,0.003901105,0.003901105,0.003901105,0.003901105,0.003901105,0.003901105,0.003901105,0.003901105,0.664067702,0.003901105,0.003901105,0.003901105
방송스텝·촬영보조,C020,0.005083616,0.005083616,0.005083616,0.005083616,0.005083616,0.005083616,0.005083616,0.592102774,0.005083616,0.005083616,0.005083616,0.005083616,0.005083616,0.005083616,0.005083616,0.005083616,0.005083616,0.005083616,0.005083616,0.005083616,0.005083616,0.005083616,0.005083616,0.005083616,0.005083616,0.270639583,0.005083616,0.005083616,0.005083616
동영상촬영·편집,C030,0.004632854,0.004632854,0.004632854,0.004632854,0.004632854,0.004632854,0.707271177,0.004632854,0.004632854,0.167641762,0.004632854,0.004632854,0.004632854,0.004632854,0.004632854,0.004632854,0.004632854,0.004632854,0.004632854,0.004632854,0.004632854,0.004632854,0.004632854,0.004632854,0.004632854,0.004632854,0.004632854,0.004632854,0.004632854
사진촬영·편집,C035,0.005692551,0.005692551,0.005692551,0.005692551,0.005692551,0.005692551,0.005692551,0.005692551,0.005692551,0.005692551,0.005692551,0.005692551,0.840608561,0.005692551,0.005692551,0.005692551,0.005692551,0.005692551,0.005692551,0.005692551,0.005692551,0.005692551,0.005692551,0.005692551,0.005692551,0.005692551,0.005692551,0.005692551,0.005692551
조명·음향,C040,0.005665729,0.005665729,0.005665729,0.005665729,0.005665729,0.005665729,0.005665729,0.005665729,0.005665729,0.005665729,0.005665729,0.005665729,0.005665729,0.005665729,0.005665729,0.005665729,0.005665729,0.005665729,0.005665729,0.005665729,0.525317595,0.005665729,0.005665729,0.005665729,0.321707728,0.005665729,0.005665729,0.005665729,0.005665729
방송사·프로덕션,C050,0.005266882,0.005266882,0.005266882,0.005266882,0.005266882,0.005266882,0.005266882,0.005266882,0.005266882,0.005266882,0.005266882,0.005266882,0.005266882,0.005266882,0.005266882,0.005266882,0.005266882,0.005266882,0.005266882,0.005266882,0.852527304,0.005266882,0.005266882,0.005266882,0.005266882,0.005266882,0.005266882,0.005266882,0.005266882
신문·잡지·출판,C060,0.004925775,0.004925775,0.004925775,0.004925775,0.004925775,0.004925775,0.668903264,0.004925775,0.004925775,0.004925775,0.004925775,0.004925775,0.004925775,0.004925775,0.004925775,0.004925775,0.004925775,0.004925775,0.004925775,0.004925775,0.004925775,0.004925775,0.004925775,0.004925775,0.004925775,0.004925775,0.198100823,0.004925775,0.004925775
미디어 기타,C990,0.004024855,0.004024855,0.004024855,0.004024855,0.004024855,0.004024855,0.004024855,0.004024855,0.004024855,0.004024855,0.004024855,0.004024855,0.004024855,0.004024855,0.004024855,0.004024855,0.004024855,0.004024855,0.004024855,0.004024855,0.004024855,0.004024855,0.004024855,0.004024855,0.887304047,0.004024855,0.004024855,0.004024855,0.004024855
화물·운송·이사,D010,0.006025961,0.006025961,0.006025961,0.006025961,0.006025961,0.006025961,0.006025961,0.006025961,0.006025961,0.006025961,0.006025961,0.006025961,0.006025961,0.006025961,0.006025961,0.006025961,0.006025961,0.006025961,0.006025961,0.006025961,0.006025961,0.006025961,0.006025961,0.006025961,0.006025961,0.831273098,0.006025961,0.006025961,0.006025961
택배·배송기사,D060,0.007400158,0.007400158,0.007400158,0.007400158,0.007400158,0.007400158,0.007400158,0.007400158,0.007400158,0.007400158,0.007400158,0.007400158,0.007400158,0.007400158,0.007400158,0.007400158,0.007400158,0.007400158,0.007400158,0.007400158,0.007400158,0.792795564,0.007400158,0.007400158,0.007400158,0.007400158,0.007400158,0.007400158,0.007400158
납품기사,D071,0.004968515,0.004968515,0.004968515,0.004968515,0.004968515,0.004968515,0.004968515,0.004968515,0.004968515,0.004968515,0.004968515,0.004968515,0.004968515,0.004968515,0.004968515,0.004968515,0.489792455,0.004968515,0.004968515,0.004968515,0.004968515,0.004968515,0.004968515,0.004968515,0.060232355,0.320793802,0.004968515,0.004968515,0.004968515
중장비·특수차,D050,0.004968515,0.004968515,0.004968515,0.004968515,0.004968515,0.004968515,0.004968515,0.004968515,0.004968515,0.004968515,0.004968515,0.004968515,0.004968515,0.004968515,0.004968515,0.004968515,0.489792455,0.004968515,0.004968515,0.004968515,0.004968515,0.004968515,0.004968515,0.004968515,0.060232355,0.320793802,0.004968515,0.004968515,0.004968515
발렛파킹,D072,0.004811078,0.004811078,0.004811078,0.004811078,0.004811078,0.004811078,0.004811078,0.004811078,0.004811078,0.004811078,0.004811078,0.004811078,0.004811078,0.004811078,0.004811078,0.004811078,0.004811078,0.004811078,0.004811078,0.004811078,0.004811078,0.004811078,0.004811078,0.004811078,0.004811078,0.466614775,0.004811078,0.403486128,0.004811078
택시·대리·수행기사,D020,0.006407991,0.006407991,0.006407991,0.006407991,0.006407991,0.294022352,0.006407991,0.006407991,0.006407991,0.006407991,0.006407991,0.006407991,0.006407991,0.006407991,0.006407991,0.006407991,0.006407991,0.006407991,0.006407991,0.006407991,0.006407991,0.006407991,0.006407991,0.006407991,0.006407991,0.532961884,0.006407991,0.006407991,0.006407991
버스·셔틀운전,D030,0.006211504,0.006211504,0.006211504,0.006211504,0.006211504,0.006211504,0.006211504,0.006211504,0.006211504,0.006211504,0.006211504,0.006211504,0.006211504,0.006211504,0.006211504,0.006211504,0.006211504,0.006211504,0.006211504,0.006211504,0.006211504,0.006211504,0.006211504,0.006211504,0.006211504,0.826077889,0.006211504,0.006211504,0.006211504
퀵서비스,D073,0.007400158,0.007400158,0.007400158,0.007400158,0.007400158,0.007400158,0.007400158,0.007400158,0.007400158,0.007400158,0.007400158,0.007400158,0.007400158,0.007400158,0.007400158,0.007400158,0.007400158,0.007400158,0.007400158,0.007400158,0.007400158,0.792795564,0.007400158,0.007400158,0.007400158,0.007400158,0.007400158,0.007400158,0.007400158
배달대행·음식배달,D070,0.007200692,0.007200692,0.007200692,0.007200692,0.007200693,0.007200692,0.007200692,0.007200692,0.007200692,0.007200692,0.007200692,0.007200692,0.007200692,0.007200692,0.007200692,0.007200692,0.007200692,0.007200692,0.007200692,0.007200692,0.007200692,0.798380623,0.007200692,0.007200692,0.007200692,0.007200692,0.007200692,0.007200692,0.007200692
도보배,D067,0.007200692,0.007200692,0.007200692,0.007200692,0.007200693,0.007200692,0.007200692,0.007200692,0.007200692,0.007200692,0.007200692,0.007200692,0.007200692,0.007200692,0.007200692,0.007200692,0.007200692,0.007200692,0.007200692,0.007200692,0.007200692,0.798380623,0.007200692,0.007200692,0.007200692,0.007200692,0.007200692,0.007200692,0.007200692
간호조무사·간호사,E010,0.005438121,0.005438121,0.005438121,0.005438121,0.141831113,0.005438121,0.005438121,0.711339615,0.005438121,0.005438121,0.005438121,0.005438121,0.005438121,0.005438121,0.005438121,0.005438121,0.005438121,0.005438121,0.005438121,0.005438121,0.005438121,0.005438121,0.005438121,0.005438121,0.005438121,0.005438121,0.005438121,0.005438121,0.005438121
의료기사,E071,0.005438121,0.005438121,0.005438121,0.005438121,0.141831113,0.005438121,0.005438121,0.711339615,0.005438121,0.005438121,0.005438121,0.005438121,0.005438121,0.005438121,0.005438121,0.005438121,0.005438121,0.005438121,0.005438121,0.005438121,0.005438121,0.005438121,0.005438121,0.005438121,0.005438121,0.005438121,0.005438121,0.005438121,0.005438121
간병·요양보호사,E020,0.00558733,0.00558733,0.00558733,0.00558733,0.157612877,0.00558733,0.00558733,0.00558733,0.00558733,0.00558733,0.00558733,0.00558733,0.00558733,0.691529212,0.00558733,0.00558733,0.00558733,0.00558733,0.00558733,0.00558733,0.00558733,0.00558733,0.00558733,0.00558733,0.00558733,0.00558733,0.00558733,0.00558733,0.00558733
원무·코디네이터,E030,0.005102303,0.005102303,0.005102303,0.005102303,0.005102303,0.005102303,0.005102303,0.005102303,0.005102303,0.244650189,0.005102303,0.005102303,0.005102303,0.005102303,0.005102303,0.005102303,0.005102303,0.005102303,0.005102303,0.005102303,0.617587635,0.005102303,0.005102303,0.005102303,0.005102303,0.005102303,0.005102303,0.005102303,0.005102303
외래보조·병동보조,E040,0.004806317,0.004806317,0.004806317,0.004806317,0.004806317,0.004806317,0.004806317,0.865423111,0.004806317,0.004806317,0.004806317,0.004806317,0.004806318,0.004806317,0.004806317,0.004806317,0.004806317,0.004806317,0.004806317,0.004806317,0.004806317,0.004806317,0.004806317,0.004806317,0.004806317,0.004806317,0.004806317,0.004806317,0.004806317
수의테크니션·동물보건사,E050,0.007688499,0.007688499,0.007688499,0.007688499,0.007688499,0.007688499,0.007688499,0.007688499,0.784722031,0.007688499,0.007688499,0.007688499,0.007688499,0.007688499,0.007688499,0.007688499,0.007688499,0.007688499,0.007688499,0.007688499,0.007688499,0.007688499,0.007688499,0.007688499,0.007688499,0.007688499,0.007688499,0.007688499,0.007688499
실험·연구보조,E060,0.003034616,0.107293832,0.522623686,0.003034616,0.003034616,0.003034616,0.003034616,0.003034616,0.003034616,0.043162534,0.175373446,0.003034616,0.003034616,0.003034616,0.003034616,0.003034616,0.003034616,0.003034616,0.003034616,0.003034616,0.003034616,0.003034616,0.003034616,0.003034616,0.003034616,0.078715721,0.003034616,0.003034616,0.003034616
생동성·임상시험,E070,0.21824583,0.00397223,0.00397223,0.00397223,0.00397223,0.00397223,0.00397223,0.00397223,0.00397223,0.00397223,0.00397223,0.00397223,0.00397223,0.00397223,0.035058733,0.00397223,0.00397223,0.00397223,0.155504064,0.00397223,0.00397223,0.00397223,0.00397223,0.00397223,0.00397223,0.00397223,0.00397223,0.00397223,0.491885633
